{
    "TrackTemp": 48.888885498046875,
    "AirTemp": 29.523731231689453,
    "StartingFuel": 31.380361557006836,
    "TrackName": "Jefferson",
    "CarName": "MX-5 Cup",
    "SessionTime": 48815.0,
    "LapCount": 1,
    "CurrentTime": "18:42",
    "FastestLap": 57.21870040893555
}