{
    "TrackTemp": 32.583343505859375,
    "AirTemp": 18.33333396911621,
    "StartingFuel": 19.57246971130371,
    "TrackName": "Centripetal Circuit",
    "CarName": "RT2000",
    "SessionTime": 69647.0,
    "LapCount": 4,
    "CurrentTime": "15:45",
    "FastestLap": 14.571700096130371
}