{
    "TrackTemp": 32.583343505859375,
    "AirTemp": 18.33333396911621,
    "StartingFuel": 19.631013870239258,
    "TrackName": "Centripetal Circuit",
    "CarName": "RT2000",
    "SessionTime": 69616.0,
    "LapCount": 1,
    "CurrentTime": "15:45",
    "FastestLap": 15.809399604797363
}