{
    "TrackTemp": 32.583343505859375,
    "AirTemp": 18.33333396911621,
    "StartingFuel": 19.131473541259766,
    "TrackName": "Centripetal Circuit",
    "CarName": "RT2000",
    "SessionTime": 71645.0,
    "LapCount": 0,
    "CurrentTime": "17:41",
    "FastestLap": 0
}