{
    "TrackTemp": 32.583343505859375,
    "AirTemp": 18.33333396911621,
    "StartingFuel": 19.374814987182617,
    "TrackName": "Centripetal Circuit",
    "CarName": "RT2000",
    "SessionTime": 70130.0,
    "LapCount": 0,
    "CurrentTime": "15:53",
    "FastestLap": 0
}