{
    "TrackTemp": 32.583343505859375,
    "AirTemp": 18.33333396911621,
    "StartingFuel": 19.185562133789062,
    "TrackName": "Centripetal Circuit",
    "CarName": "RT2000",
    "SessionTime": 71308.0,
    "LapCount": 0,
    "CurrentTime": "17:36",
    "FastestLap": 0
}