{
    "TrackTemp": 32.583343505859375,
    "AirTemp": 18.33333396911621,
    "StartingFuel": 19.733264923095703,
    "TrackName": "Centripetal Circuit",
    "CarName": "RT2000",
    "SessionTime": 69579.0,
    "LapCount": 2,
    "CurrentTime": "15:44",
    "FastestLap": 10.682499885559082
}