{
    "TrackTemp": 32.583343505859375,
    "AirTemp": 18.33333396911621,
    "StartingFuel": 19.213836669921875,
    "TrackName": "Centripetal Circuit",
    "CarName": "RT2000",
    "SessionTime": 71132.0,
    "LapCount": 0,
    "CurrentTime": "17:33",
    "FastestLap": 0
}