{
    "TrackTemp": 46.111114501953125,
    "AirTemp": 29.300514221191406,
    "StartingFuel": 31.229326248168945,
    "TrackName": "Jefferson",
    "CarName": "MX-5 Cup",
    "SessionTime": 46376.0,
    "LapCount": 1,
    "CurrentTime": "16:37",
    "FastestLap": 85.9031982421875
}