{
    "TrackTemp": 45.555572509765625,
    "AirTemp": 29.322660446166992,
    "StartingFuel": 31.349149703979492,
    "TrackName": "Jefferson",
    "CarName": "MX-5 Cup",
    "SessionTime": 46618.0,
    "LapCount": 1,
    "CurrentTime": "16:42",
    "FastestLap": 0
}