{
    "TrackTemp": 32.583343505859375,
    "AirTemp": 18.33333396911621,
    "StartingFuel": 19.732816696166992,
    "TrackName": "Centripetal Circuit",
    "CarName": "RT2000",
    "SessionTime": 69598.0,
    "LapCount": 3,
    "CurrentTime": "16:14",
    "FastestLap": 8.725000381469727
}