{
    "TrackTemp": 33.333343505859375,
    "AirTemp": 18.33333396911621,
    "StartingFuel": 31.369901657104492,
    "TrackName": "Centripetal Circuit",
    "CarName": "MX-5 Cup",
    "SessionTime": 54884.0,
    "LapCount": 3,
    "CurrentTime": "12:53",
    "FastestLap": 13.714500427246094
}