{
    "TrackTemp": 33.333343505859375,
    "AirTemp": 18.33333396911621,
    "StartingFuel": 31.12543296813965,
    "TrackName": "Centripetal Circuit",
    "CarName": "MX-5 Cup",
    "SessionTime": 57132.0,
    "LapCount": 3,
    "CurrentTime": "22:00",
    "FastestLap": 13.604499816894531
}