{
    "TrackTemp": 33.333343505859375,
    "AirTemp": 18.33333396911621,
    "StartingFuel": 31.35066795349121,
    "TrackName": "Centripetal Circuit",
    "CarName": "MX-5 Cup",
    "SessionTime": 57092.0,
    "LapCount": 2,
    "CurrentTime": "21:59",
    "FastestLap": 15.312800407409668
}