{
    "TrackTemp": 45.555572509765625,
    "AirTemp": 27.20709800720215,
    "StartingFuel": 5.988391876220703,
    "TrackName": "Summit",
    "CarName": "Hyundai Elantra N TC",
    "SessionTime": 44454.0,
    "LapCount": 5,
    "CurrentTime": "11:25",
    "FastestLap": 75.768798828125
}