{
    "TrackTemp": 46.111114501953125,
    "AirTemp": 27.051734924316406,
    "StartingFuel": 45.99755859375,
    "TrackName": "Summit",
    "CarName": "Hyundai Elantra N TC",
    "SessionTime": 43565.0,
    "LapCount": 10,
    "CurrentTime": "11:10",
    "FastestLap": 75.63330078125
}