{
    "TrackTemp": 49.4444580078125,
    "AirTemp": 28.40534210205078,
    "StartingFuel": 31.381467819213867,
    "TrackName": "Jefferson",
    "CarName": "MX-5 Cup",
    "SessionTime": 44796.0,
    "LapCount": 3,
    "CurrentTime": "15:26",
    "FastestLap": 74.38279724121094
}