{
    "TrackTemp": 33.333343505859375,
    "AirTemp": 18.33333396911621,
    "StartingFuel": 30.902585983276367,
    "TrackName": "Centripetal Circuit",
    "CarName": "MX-5 Cup",
    "SessionTime": 55820.0,
    "LapCount": 4,
    "CurrentTime": "13:09",
    "FastestLap": 14.213199615478516
}