{
    "TrackTemp": 32.40606689453125,
    "AirTemp": 18.224740982055664,
    "StartingFuel": 19.694852828979492,
    "TrackName": "Centripetal Circuit",
    "CarName": "RT2000",
    "SessionTime": 45828.0,
    "LapCount": 0,
    "CurrentTime": "14:15",
    "FastestLap": 0
}