{
    "TrackTemp": 32.40606689453125,
    "AirTemp": 18.230310440063477,
    "StartingFuel": 19.68878746032715,
    "TrackName": "Centripetal Circuit",
    "CarName": "RT2000",
    "SessionTime": 46130.0,
    "LapCount": 2,
    "CurrentTime": "14:16",
    "FastestLap": 11.855199813842773
}