{
    "TrackTemp": 38.888885498046875,
    "AirTemp": 23.473264694213867,
    "StartingFuel": 30.94377899169922,
    "TrackName": "Jefferson",
    "CarName": "MX-5 Cup",
    "SessionTime": 43385.0,
    "LapCount": 5,
    "CurrentTime": "22:05",
    "FastestLap": 55.53969955444336
}