{
    "TrackTemp": 33.333343505859375,
    "AirTemp": 18.33333396911621,
    "StartingFuel": 30.90467071533203,
    "TrackName": "Centripetal Circuit",
    "CarName": "MX-5 Cup",
    "SessionTime": 55061.0,
    "LapCount": 2,
    "CurrentTime": "11:17",
    "FastestLap": 12.599100112915039
}