{
    "TrackTemp": 33.333343505859375,
    "AirTemp": 18.33333396911621,
    "StartingFuel": 31.3437442779541,
    "TrackName": "Centripetal Circuit",
    "CarName": "MX-5 Cup",
    "SessionTime": 54983.0,
    "LapCount": 6,
    "CurrentTime": "11:16",
    "FastestLap": 11.325400352478027
}