{
    "TrackTemp": 32.583343505859375,
    "AirTemp": 18.33333396911621,
    "StartingFuel": 19.726730346679688,
    "TrackName": "Centripetal Circuit",
    "CarName": "RT2000",
    "SessionTime": 55032.0,
    "LapCount": 2,
    "CurrentTime": "12:50",
    "FastestLap": 10.197099685668945
}